SNP	CHR	BP	A1	A2	beta	standard_error	P	variant_id_hg19	base_pair_location_grch38	Locus ID	New Variant ID	Variant ID	Population	Serostatus	Novel	EAS	EUR	AFR	SAS	ID	REF	ALT	ALT_FREQS
rs793095	10	31385974	T	C	0.0668	0.01	2.30E-11	10_31385974_C_T	31097045	74	10:31385974:C:T	10:31385974:C:T	Multi	combined	0	0.39	0.469	0.102	0.334	rs793095	C	T	0.490656
rs7097397	10	50025396	A	G	-0.0737	0.0104	1.43E-12	10_50025396_G_A	48817351	75	10:50025396:G:A	10:50025396:G:A	Multi	combined	0	0.694	0.396	0.098	0.35	rs7097397	G	A	0.365488
rs3134883	10	6100725	A	G	0.093	0.0108	9.67E-18	10_6100725_G_A	6058762	72	10:6100725:G:A	10:6100725:G:A	Multi	combined	0	0.272	0.293	0.036	0.276	rs3134883	G	A	0.295609
rs7902146	10	63801030	T	C	-0.1157	0.0112	7.21E-25	10_63801030_C_T	62041271	76	10:63801030:C:T	10:63801030:C:T	Multi	combined	0	0.716	0.719	0.592	0.673	rs7902146	C	T	0.739319
rs10905284	10	8115362	A	C	-0.0759	0.011	4.98E-12	10_8115362_C_A	8073399	73	10:8115362:C:A	10:8115362:C:A	Multi	combined	0	0.58	0.575	0.098	0.608	rs10905284	C	A	0.56788
rs73005423	11	118681079	G	A	-0.1016	0.0135	4.30E-14	11_118681079_A_G	118810370	82	11:118681079:A:G	11:118681079:A:G	Multi	combined	0	0.12	0.2	0.07	0.255	rs73005423	A	G	0.20529
rs73013527	11	128496952	T	C	-0.0646	0.0109	3.03E-09	11_128496952_C_T	128627057	83	11-128496952-C-T	11:128486141:ATG:A	Multi	combined	0	0.642	0.344	0.881	0.551	rs73013527	C	T	0.478472
rs2476601	1	114377568	G	A	-0.5447	0.0197	4.45E-169	1_114377568_A_G	113834946	7	1:114377568:A:G	1:114377568:A:G	Multi	combined	0	1	0.906	0.997	0.987	rs2476601	A	G	0.903475
rs798000	1	117280696	T	C	-0.0918	0.0127	4.18E-13	1_117280696_C_T	116738074	8	1:117280696:C:T	1:117280696:C:T	Multi	combined	0	0.867	0.678	0.828	0.697	rs798000	C	T	0.6831
rs734094	11	2323220	A	G	0.0609	0.0114	1.01E-07	11_2323220_G_A	2301990	77	11:2323220:G:A	11:2323220:G:A	Multi	seroposi	1	0.191	0.4	0.431	0.45	rs734094	G	A	0.399891
rs12126142	1	154425456	A	G	-0.0615	0.0102	1.71E-09	1_154425456_G_A	154452980	9	1:154425456:G:A	1:154425456:G:A	Multi	combined	0	0.321	0.36	0.087	0.3	rs12126142	G	A	0.400418
rs2317231	1	157686337	T	G	0.0746	0.0104	5.95E-13	1_157686337_G_T	157716547	10	1:157686337:G:T	1:157686337:G:T	Multi	combined	0	0.424	0.467	0.634	0.42	rs2317231	G	T	0.448816
rs10917571	1	161519411	A	C	-0.0897	0.0127	1.68E-12	1_161519411_C_A	161549621	11	1:161519411:C:A	1:161519411:C:A	Multi	combined	0	0.365	0.424	0.207	0.38	rs10917571	C	A	0.43771
rs7943728	11	61547068	A	G	-0.099	0.0181	4.41E-08	11_61547068_G_A	61779596	78	11:61547068:G:A	11:61547068:G:A	Multi	combined	0	0	0.153	0.011	0.043	rs7943728	G	A	0.182453
rs479777	11	64107477	C	T	-0.0763	0.0113	1.43E-11	11_64107477_T_C	64340005	79	11:64107477:T:C	11:64107477:T:C	Multi	combined	0	0.166	0.34	0.086	0.222	rs479777	T	C	0.334114
rs79145843	11	72404893	T	C	-0.1158	0.0189	8.24E-10	11_72404893_C_T	72693848	80	11:72404893:C:T	11:72404893:C:T	Multi	combined	0	0.227	0.001	0.001	0.022	rs79145843	C	T	0.00261409
rs6681482	1	173306646	A	G	-0.0905	0.0131	4.10E-12	1_173306646_G_A	173337507	12	1:173306646:G:A	1:173306646:G:A	Multi	combined	0	0.108	0.252	0.129	0.17	rs6681482	G	A	0.264442
rs2240335	1	17674537	A	C	-0.1146	0.0103	7.62E-29	1_17674537_C_A	17348042	2	1-17674537-C-A	1:17676165:A:<CN0>	Multi	combined	0	0.571	0.361	0.045	0.446	rs2240335	C	A	0.349767
rs12145329	1	186604505	C	T	-0.0715	0.014	3.04E-07	1_186604505_T_C	186635373	13	1:186604505:T:C	1:186604505:T:C	Multi	seroposi	0	0.139	0.186	0.02	0.179	rs12145329	T	C	0.213441
rs4409785	11	95311422	C	T	0.0911	0.0145	3.00E-10	11_95311422_T_C	95578258	81	11:95311422:T:C	11:95311422:T:C	Multi	combined	0	0.101	0.19	0.005	0.247	rs4409785	T	C	0.170904
rs28398409	1	198584022	G	A	-0.0953	0.0165	7.82E-09	1_198584022_A_G	198614892	14	1:198584022:A:G	1:198584022:A:G	Multi	combined	0	0.14	0.065	0.014	0.095	rs28398409	A	G	0.0674108
rs3184504	12	111884608	C	T	-0.0888	0.0133	2.91E-11	12_111884608_T_C	111446804	87	12:111884608:T:C	12:111884608:T:C	Multi	combined	0	0.997	0.536	0.981	0.932	rs3184504	T	C	0.536504
rs1427749	12	46370116	G	C	-0.0771	0.0135	1.17E-08	12_46370116_C_G	45976333	84	12:46370116:C:G	12:46370116:C:G	Multi	combined	1	0.891	0.804	0.914	0.952	rs1427749	C	G	0.803265
rs2258734	1	2483961	A	G	-0.0989	0.011	3.51E-19	1_2483961_G_A	2552522	1	1:2483961:G:A	1:2483961:G:A	Multi	combined	0	0.481	0.314	0.585	0.493	rs2258734	G	A	0.347845
rs705700	12	56389293	C	T	-0.0724	0.0107	1.14E-11	12_56389293_T_C	55995509	85	12:56389293:T:C	12:56389293:T:C	Multi	combined	0	0.238	0.395	0.483	0.252	rs705700	T	C	0.419003
rs1696466	12	58116397	C	T	0.0555	0.0104	1.10E-07	12_58116397_T_C	57722614	86	12:58116397:T:C	12:58116397:T:C	EUR	combined	0	0.365	0.573	0.371	0.39	rs1696466	T	C	0.55001
rs61944750	13	28634933	A	G	-0.0925	0.0164	1.69E-08	13_28634933_G_A	28060796	88	13:28634933:G:A	13:28634933:G:A	Multi	combined	1	0.05	0.214	0.089	0.091	rs61944750	G	A	0.186735
rs9532434	13	40355913	C	T	0.1057	0.011	9.37E-22	13_40355913_T_C	39781776	89	13:40355913:T:C	13:40355913:T:C	Multi	combined	0	0.762	0.657	0.462	0.698	rs9532434	T	C	0.648944
rs2147161	13	42982302	T	A	0.0726	0.0154	2.46E-06	13_42982302_A_T	42408166	90	13:42982302:A:T	13:42982302:A:T	Multi	seroposi	1	0.127	0.212	0.018	0.279	rs2147161	A	T	0.329295
rs7540342	1	38622268	C	T	-0.1005	0.0146	5.34E-12	1_38622268_T_C	38156596	3	1:38622268:T:C	1:38622268:T:C	Multi	combined	0	0.014	0.235	0.159	0.26	rs7540342	T	C	0.259577
rs3001423	14	105386511	A	G	0.1615	0.0194	9.63E-17	14_105386511_G_A	104920174	94	14:105386511:G:A	14:105386511:G:A	Multi	combined	0	0.711	0.99	0.874	0.81	rs3001423	G	A	0.981226
rs41269479	1	42166782	A	G	0.0486	0.0134	0.0002716	1_42166782_G_A	41701111	4	1:42166782:G:A	1:42166782:G:A	EAS	seroposi	1	0.259	0.283	0.085	0.417	rs41269479	G	A	0.286784
rs3783782	14	61940675	A	G	0.0851	0.0187	5.46E-06	14_61940675_G_A	61473957	91	14-61940675-G-A	14:61926738:A:AT	Multi	combined	0	0.266	0.008	0.042	0.019	rs3783782	G	A	0.0126177
rs1885013	14	68754695	A	G	0.08	0.0122	5.94E-11	14_68754695_G_A	68287978	92	14:68754695:G:A	14:68754695:G:A	Multi	combined	0	0.9	0.652	0.143	0.781	rs1885013	G	A	0.707557
rs175714	14	75981856	C	T	-0.0583	0.0106	4.14E-08	14_75981856_T_C	75515513	93	14:75981856:T:C	14:75981856:T:C	Multi	combined	1	0.428	0.602	0.299	0.637	rs175714	T	C	0.574291
rs6495979	15	38847359	T	C	0.1025	0.0107	7.57E-22	15_38847359_C_T	38555158	95	15:38847359:C:T	15:38847359:C:T	Multi	combined	0	0.581	0.252	0.679	0.36	rs6495979	C	T	0.268379
rs8026898	15	69991417	A	G	0.1288	0.0127	3.21E-24	15_69991417_G_A	69699078	96	15:69991417:G:A	15:69991417:G:A	Multi	combined	0	0.096	0.285	0.57	0.28	rs8026898	G	A	0.274814
rs115284761	15	77326836	C	T	-0.0934	0.0139	1.71E-11	15_77326836_T_C	77034495	97	15:77326836:T:C	15:77326836:T:C	Multi	combined	1	0.282	0.247	0.152	0.228	rs115284761	T	C	0.248545
rs7171617	15	90904858	A	G	0.0774	0.0126	8.89E-10	15_90904858_G_A	90361626	98	15:90904858:G:A	15:90904858:G:A	Multi	combined	0	0.347	0.182	0.515	0.285	rs7171617	G	A	0.194822
rs4584833	16	11798758	T	C	0.074	0.0126	3.95E-09	16_11798758_C_T	11704902	99	16:11798758:C:T	16:11798758:C:T	Multi	combined	0	0.419	0.579	0.558	0.541	rs4584833	C	T	0.566839
rs34480360	16	30798689	A	G	0.0749	0.0126	2.84E-09	16_30798689_G_A	30787368	100	16:30798689:G:A	16:30798689:G:A	Multi	combined	0	0.109	0.297	0.363	0.74	rs34480360	G	A	0.274011
rs4655698	1	67798327	G	T	-0.0802	0.0123	6.07E-11	1_67798327_T_G	67332644	5	1:67798327:T:G	1:67798327:T:G	Multi	combined	0	0.747	0.815	0.511	0.786	rs4655698	T	G	0.816262
rs9927316	16	86016401	G	C	0.1056	0.0116	1.21E-19	16_86016401_C_G	85982795	101	16:86016401:C:G	16:86016401:C:G	Multi	combined	0	0.479	0.24	0.212	0.224	rs9927316	C	G	0.238076
rs11375064	17	25904074	GT	G	0.0609	0.013	2.61E-06	17_25904074_G_GT	27577048	103	17:25904074:G:GT	17:25904074:G:GT	Multi	seroposi	1	0.437	0.603	0.533	0.473	rs11375064	G	GT	0.613786
rs56750287	17	38062944	C	A	0.0737	0.0103	7.10E-13	17_38062944_A_C	39906691	104	17:38062944:A:C	17:38062944:A:C	Multi	combined	0	0.282	0.466	0.138	0.316	rs56750287	A	C	0.021708
rs8073171	17	5147239	A	G	0.0647	0.0118	4.57E-08	17_5147239_G_A	5243944	102	17:5147239:G:A	17:5147239:G:A	Multi	combined	0	0.496	0.231	0.43	0.494	rs8073171	G	A	0.200346
rs7241016	18	12880206	G	A	0.1042	0.0119	2.76E-18	18_12880206_A_G	12880207	106	18:12880206:A:G	18:12880206:A:G	Multi	combined	0	0.296	0.136	0.578	0.159	rs7241016	A	G	0.170194
rs591549	18	3542247	C	T	-0.0928	0.0162	9.14E-09	18_3542247_T_C	3542249	105	18:3542247:T:C	18:3542247:T:C	Multi	combined	1	0.352	0.68	0.419	0.614	rs591549	T	C	0.630115
rs2469434	18	67544046	C	T	0.0642	0.0103	4.20E-10	18_67544046_T_C	69876810	108	18-67544046-T-C	18:67547439:AAGGC:A	Multi	combined	0	0.345	0.427	0.539	0.457	rs2469434	T	C	0.410699
rs34536443	19	10463118	C	G	-0.444	0.0472	5.51E-21	19_10463118_G_C	10352442	110	19:10463118:G:C	19:10463118:G:C	Multi	combined	0	0	0.029	0.002	0.006	rs34536443	G	C	0.0438496
rs55762233	19	19367319	G	C	0.0994	0.0164	1.43E-09	19_19367319_C_G	19256510	111	19:19367319:C:G	19:19367319:C:G	Multi	combined	1	0.02	0.166	0.32	0.137	rs55762233	C	G	0.162925
rs41313373	1	92940411	T	C	0.0907	0.0183	6.95E-07	1_92940411_C_T	92474854	6	1:92940411:C:T	1:92940411:C:T	Multi	seroposi	1	0.014	0.144	0.005	0.097	rs41313373	C	T	0.124691
rs28373672	19	36213072	G	A	-0.0693	0.0126	3.33E-08	19_36213072_A_G	35722170	112	19:36213072:A:G	19:36213072:A:G	Multi	combined	1	0.236	0.234	0.615	0.292	rs28373672	A	G	0.238307
rs8106598	19	52017940	T	C	0.0606	0.0128	2.22E-06	19_52017940_C_T	51514686	113	19:52017940:C:T	19:52017940:C:T	Multi	seroposi	1	0.075	0.223	0.316	0.175	rs8106598	C	T	0.206062
rs10415976	19	941603	G	A	-0.0809	0.0146	2.90E-08	19_941603_A_G	941603	109	19:941603:A:G	19:941603:A:G	Multi	combined	1	0.469	0.085	0.352	0.252	rs10415976	A	G	0.0943417
rs1883832	20	44746982	C	T	0.1035	0.011	4.17E-21	20_44746982_T_C	46118343	114	20:44746982:T:C	20:44746982:T:C	Multi	combined	0	0.568	0.741	0.974	0.726	rs1883832	T	C	0.755721
rs4809371	20	62480898	T	C	-0.0886	0.0154	9.91E-09	20_62480898_C_T	63849545	115	20:62480898:C:T	20:62480898:C:T	Multi	combined	0	0.423	0.057	0.052	0.127	rs4809371	C	T	0.0655886
rs12712065	2	100761105	G	C	-0.1011	0.0098	7.58E-25	2_100761105_C_G	100144643	21	2:100761105:C:G	2:100761105:C:G	Multi	combined	0	0.553	0.509	0.802	0.468	rs12712065	C	G	0.520002
rs13396472	2	111605238	C	A	-0.0815	0.0143	1.28E-08	2_111605238_A_C	110847661	22	2:111605238:A:C	2:111605238:A:C	Multi	combined	0	0.167	0.186	0.148	0.229	rs13396472	A	C	0.188786
rs2300373	21	34788739	T	A	-0.0722	0.0123	3.96E-09	21_34788739_A_T	33416432	116	21:34788739:A:T	21:34788739:A:T	Multi	combined	0	0.428	0.142	0.244	0.323	rs2300373	A	T	0.145501
rs9979383	21	36715761	T	C	0.0688	0.0105	5.54E-11	21_36715761_C_T	35343463	117	21-36715761-C-T	21:36714980:TATGCAA:T	Multi	combined	0	0.596	0.642	0.984	0.612	rs9979383	C	T	0.636655
rs1893592	21	43855067	C	A	-0.0744	0.0115	1.07E-10	21_43855067_A_C	42434957	118	21:43855067:A:C	21:43855067:A:C	Multi	combined	0	0.279	0.276	0.03	0.258	rs1893592	A	C	0.292119
rs2075876	21	45709153	A	G	0.0821	0.0143	9.90E-09	21_45709153_G_A	44289270	119	21-45709153-G-A	21:45709161:A:AC	Multi	combined	0	0.401	0.106	0.622		rs2075876	G	A	0.11812
rs11889341	2	191943742	T	C	0.1291	0.0111	2.25E-31	2_191943742_C_T	191079016	23	2:191943742:C:T	2:191943742:C:T	Multi	combined	0	0.341	0.229	0.103	0.244	rs11889341	C	T	0.223186
rs10497813	2	198914072	T	G	0.0612	0.0106	7.65E-09	2_198914072_G_T	198049348	24	2:198914072:G:T	2:198914072:G:T	Multi	combined	0	0.222	0.551	0.29	0.575	rs10497813	G	T	0.503171
rs2141331	2	202151492	T	C	0.1228	0.0204	1.67E-09	2_202151492_C_T	201286769	25	2:202151492:C:T	2:202151492:C:T	Multi	combined	0	0.008	0.1	0.234	0.068	rs2141331	C	T	0.0890186
rs3087243	2	204738919	A	G	-0.1174	0.0104	9.53E-30	2_204738919_G_A	203874196	26	2:204738919:G:A	2:204738919:G:A	Multi	combined	0	0.263	0.47	0.176	0.627	rs3087243	G	A	0.448045
rs5754100	22	21916166	C	T	0.0919	0.0129	1.05E-12	22_21916166_T_C	21561877	120	22:21916166:T:C	22:21916166:T:C	Multi	combined	0	0.396	0.184	0.032	0.261	rs5754100	T	C	0.188142
rs5756407	22	37316259	C	T	0.0612	0.0102	2.01E-09	22_37316259_T_C	36920217	121	22:37316259:T:C	22:37316259:T:C	Multi	combined	0	0.559	0.516	0.072	0.36	rs5756407	T	C	0.502723
rs2069235	22	39747780	A	G	0.1104	0.0118	1.14E-20	22_39747780_G_A	39351775	122	22:39747780:G:A	22:39747780:G:A	Multi	combined	0	0.776	0.299	0.48	0.482	rs2069235	G	A	0.310644
rs10175798	2	30449594	A	G	0.0777	0.0107	3.32E-13	2_30449594_G_A	30226728	16	2:30449594:G:A	2:30449594:G:A	Multi	combined	0	0.353	0.62	0.267	0.473	rs10175798	G	A	0.615722
rs55963299	2	61097583	G	A	0.0992	0.0127	6.90E-15	2_61097583_A_G	60870448	17	2:61097583:A:G	2:61097583:A:G	Multi	combined	0	0.015	0.362	0.035	0.079	rs55963299	A	G	0.354403
rs74313386	2	65598906	GA	G	-0.0963	0.0111	4.78E-18	2_65598906_G_GA	65371772	18	2:65598906:G:GA	2:65598906:G:GA	Multi	combined	0	0.752	0.338	0.095	0.603	rs74313386	G	GA	0.336618
rs28421442	2	74219615	A	T	-0.1306	0.0204	1.45E-10	2_74219615_T_A	73992488	20	2:74219615:T:A	2:74219615:T:A	Multi	combined	0	0.157	0.015	0.332	0.043	rs28421442	T	A	0.0262975
rs77574423	3	11984744	A	G	0.0872	0.016	5.02E-08	3_11984744_G_A	11943270	27	3:11984744:G:A	3:11984744:G:A	EUR	combined	1	0.562	0.72	0.569	0.736	rs77574423	G	A	0.735553
rs62264113	3	127292333	A	G	-0.0853	0.0156	4.66E-08	3_127292333_G_A	127573490	30	3:127292333:G:A	3:127292333:G:A	Multi	combined	1	0.273	0.083	0.012	0.212	rs62264113	G	A	0.108783
rs9826420	3	136317506	C	G	0.3187	0.0538	3.04E-09	3_136317506_G_C	136598664	31	3:136317506:G:C	3:136317506:G:C	Multi	combined	0	0	0.023	0.002	0.006	rs9826420	G	C	0.0208468
rs5019428	3	17046866	A	G	0.0862	0.0104	1.34E-16	3_17046866_G_A	17005374	28	3:17046866:G:A	3:17046866:G:A	Multi	combined	0	0.628	0.523	0.75	0.666	rs5019428	G	A	0.498723
rs4687070	3	189306650	T	A	0.1358	0.0234	6.07E-09	3_189306650_A_T	189588861	32	3:189306650:A:T	3:189306650:A:T	Multi	combined	1	0.022	0.07	0.033	0.144	rs4687070	A	T	0.0632622
rs9880772	3	27777779	A	G	0.0668	0.0109	8.95E-10	3_27777779_G_A	27736288	29	3:27777779:G:A	3:27777779:G:A	Multi	combined	0	0.792	0.465	0.812	0.758	rs9880772	G	A	0.467981
rs6831973	4	10709366	C	T	0.0854	0.0113	5.38E-14	4_10709366_T_C	10707742	34	4:10709366:T:C	4:10709366:T:C	Multi	combined	0	0.558	0.563	0.222	0.51	rs6831973	T	C	0.538561
rs58107865	4	109061618	C	G	-0.1727	0.0229	4.92E-14	4_109061618_G_C	108140462	38	4:109061618:G:C	4:109061618:G:C	Multi	combined	1	0.212	0.012	0	0.029	rs58107865	G	C	0.00235386
rs6814280	4	123043662	G	A	-0.0748	0.0173	1.48E-05	4_123043662_A_G	122122507	39	4:123043662:A:G	4:123043662:A:G	Multi	seroposi	0	0.001	0.159	0.309	0.113	rs6814280	A	G	0.174511
rs11933540	4	26120001	C	T	0.1264	0.0138	6.67E-20	4_26120001_T_C	26118379	35	4-26120001-T-C	4:26117568:T:TA	Multi	combined	0	0.017	0.31	0.322	0.106	rs11933540	T	C	0.311293
rs4690029	4	2722815	C	T	-0.0602	0.0101	2.83E-09	4_2722815_T_C	2721088	33	4:2722815:T:C	4:2722815:T:C	Multi	combined	1	0.404	0.407	0.591	0.473	rs4690029	T	C	0.443958
rs2664035	4	48220839	A	G	0.0692	0.0103	1.92E-11	4_48220839_G_A	48218822	36	4:48220839:G:A	4:48220839:G:A	Multi	combined	0	0.383	0.386	0.436	0.249	rs2664035	G	A	0.404255
rs187579	5	102604933	C	A	-0.0932	0.0132	1.97E-12	5_102604933_A_C	103269232	43	5:102604933:A:C	5:102604933:A:C	Multi	combined	0	0.255	0.303	0.117	0.158	rs187579	A	C	0.315286
rs2918392	5	10704797	C	T	0.0611	0.0104	5.06E-09	5_10704797_T_C	10704685	40	5:10704797:T:C	5:10704797:T:C	Multi	combined	0	0.745	0.392	0.651	0.627	rs2918392	T	C	0.363079
rs12519914	5	133839534	T	C	0.078	0.0123	2.41E-10	5_133839534_C_T	134503843	44	5:133839534:C:T	5:133839534:C:T	Multi	combined	0	0.514	0.15	0.405	0.358	rs12519914	C	T	0.164584
rs244468	5	142604421	G	A	0.069	0.012	8.19E-09	5_142604421_A_G	143224856	45	5:142604421:A:G	5:142604421:A:G	Multi	combined	1	0.794	0.514	0.408	0.601	rs244468	A	G	0.490671
rs1422673	5	150438988	T	C	0.041	0.0109	0.0001798	5_150438988_C_T	151059427	46	5:150438988:C:T	5:150438988:C:T	EUR	seroposi	1	0.498	0.195	0.391	0.286	rs1422673	C	T	0.194603
rs56787183	5	40499290	A	G	-0.1636	0.0273	2.15E-09	5_40499290_G_A	40499188	41	5:40499290:G:A	5:40499290:G:A	Multi	combined	1	0.089	0.001	0.036	0.025	rs56787183	G	A	0.00171235
rs7731626	5	55444683	A	G	-0.1916	0.0137	2.27E-44	5_55444683_G_A	56148856	42	5:55444683:G:A	5:55444683:G:A	Multi	combined	0	0.105	0.378	0.162	0.209	rs7731626	G	A	0.366921
rs3804333	6	106727215	T	C	0.107	0.0147	2.92E-13	6_106727215_C_T	106279340	54	6:106727215:C:T	6:106727215:C:T	Multi	combined	0	0.032	0.191	0.059	0.187	rs3804333	C	T	0.196852
rs10499194	6	138002637	T	C	-0.0741	0.013	1.22E-08	6_138002637_C_T	137681500	55	6-138002637-C-T	6:137999562:GA:G	Multi	combined	0	0.004	0.185	0.114	0.117	rs10499194	C	T	0.267944
rs12530098	6	14107197	T	C	0.1091	0.0183	2.57E-09	6_14107197_C_T	14106966	48	6:14107197:C:T	6:14107197:C:T	Multi	combined	0	0.195	0.065	0.03	0.132	rs12530098	C	T	0.0558184
rs113532504	6	15195682	T	C	0.0988	0.0179	3.42E-08	6_15195682_C_T	15195451	49	6:15195682:C:T	6:15195682:C:T	Multi	combined	1	0.06	0.1	0.362	0.101	rs113532504	C	T	0.124027
rs2485362	6	159503086	G	A	0.096	0.0129	1.18E-13	6_159503086_A_G	159082054	56	6:159503086:A:G	6:159503086:A:G	Multi	combined	0	0.936	0.649	0.913	0.777	rs2485362	A	G	0.640307
rs3093017	6	167541258	G	C	-0.1429	0.0101	1.40E-45	6_167541258_C_G	167127770	57	6:167541258:C:G	6:167541258:C:G	Multi	combined	0	0.526	0.578	0.693	0.613	rs3093017	C	G	0.566296
rs67318457	6	23925021	C	A	0.0634	0.0125	3.63E-07	6_23925021_A_C	23924793	50	6:23925021:A:C	6:23925021:A:C	Multi	seroposi	1	0.139	0.265	0.373	0.048	rs67318457	A	C	0.289954
rs2234067	6	36355654	C	A	0.1008	0.0181	2.54E-08	6_36355654_A_C	36387877	51	6-36355654-A-C	6:36381936:G:GA	Multi	combined	0	0.797	0.779	0.712	0.606	rs2234067	A	C	0.870975
rs6930468	6	426268	G	A	0.0682	0.0104	6.57E-11	6_426268_A_G	426268	47	6:426268:A:G	6:426268:A:G	Multi	combined	0	0.345	0.65	0.552	0.481	rs6930468	A	G	0.670619
rs28362855	6	44234621	T	G	0.1875	0.0178	5.51E-26	6_44234621_G_T	44266884	52	6:44234621:G:T	6:44234621:G:T	Multi	combined	0	0.166	0.05	0	0.022	rs28362855	G	T	0.0421181
rs72928038	6	90976768	A	G	0.1034	0.0182	1.28E-08	6_90976768_G_A	90267049	53	6:90976768:G:A	6:90976768:G:A	Multi	combined	0	0.004	0.18	0.007	0.062	rs72928038	G	A	0.171807
rs3757387	7	128576086	C	T	0.1212	0.0113	1.05E-26	7_128576086_T_C	128936032	63	7:128576086:T:C	7:128576086:T:C	Multi	combined	0	0.107	0.454	0.228	0.396	rs3757387	T	C	0.447134
rs940825	7	17207164	G	T	0.0964	0.0185	1.98E-07	7_17207164_T_G	17167540	58	7:17207164:T:G	7:17207164:T:G	EUR	combined	1	0.176	0.124	0.047	0.056	rs940825	T	G	0.0290727
rs182199544	7	27084581	T	C	-0.1354	0.0229	3.61E-09	7_27084581_C_T	27044962	59	7:27084581:C:T	7:27084581:C:T	Multi	combined	1	0.006	0.082	0.356	0.028	rs182199544	C	T	0.0852592
rs6583441	7	50361874	T	A	-0.0551	0.0101	4.69E-08	7_50361874_A_T	50322278	60	7:50361874:A:T	7:50361874:A:T	Multi	combined	1	0.531	0.474	0.331	0.407	rs6583441	A	T	0.504044
rs42044	7	92250140	G	T	0.0759	0.0126	1.61E-09	7_92250140_T_G	92620826	61	7:92250140:T:G	7:92250140:T:G	Multi	combined	0	0.101	0.315	0.089	0.14	rs42044	T	G	0.265269
rs6979218	7	99893148	G	C	0.0867	0.013	2.24E-11	7_99893148_C_G	100295525	62	7:99893148:C:G	7:99893148:C:G	Multi	combined	1	0.38	0.75	0.912	0.723	rs6979218	C	G	0.734675
rs1264600	8	102453350	C	T	-0.0838	0.0137	8.73E-10	8_102453350_T_C	101441122	66	8:102453350:T:C	8:102453350:T:C	Multi	combined	0	0.279	0.754	0.639	0.562	rs1264600	T	C	0.711998
rs2736340	8	11343973	T	C	0.1188	0.0118	9.83E-24	8_11343973_C_T	11486464	64	8:11343973:C:T	8:11343973:C:T	Multi	combined	0	0.721	0.244	0.119	0.351	rs2736340	C	T	0.256191
rs16903108	8	129576477	C	T	-0.1431	0.0201	1.19E-12	8_129576477_T_C	128564231	67	8:129576477:T:C	8:129576477:T:C	Multi	combined	0	0.011	0.129	0.55	0.137	rs16903108	T	C	0.153646
rs11777380	8	134211965	A	G	-0.0805	0.0128	3.00E-10	8_134211965_G_A	133199722	68	8:134211965:G:A	8:134211965:G:A	Multi	combined	1	0.173	0.316	0.076	0.19	rs11777380	G	A	0.27974
rs10453119	8	81135682	C	T	0.0771	0.0131	3.83E-09	8_81135682_T_C	80223447	65	8:81135682:T:C	8:81135682:T:C	Multi	combined	0	0.519	0.375	0.724	0.432	rs10453119	T	C	0.357378
rs1953126	9	123640500	C	T	-0.069	0.0104	3.18E-11	9_123640500_T_C	120878222	71	9:123640500:T:C	9:123640500:T:C	Multi	combined	0	0.671	0.64	0.776	0.776	rs1953126	T	C	0.653203
rs2812378	9	34710260	A	G	-0.0979	0.0125	4.76E-15	9_34710260_G_A	34710263	70	9:34710260:G:A	9:34710260:G:A	Multi	combined	0	0.93	0.684	0.567	0.651	rs2812378	G	A	0.656293
rs911760	9	5438435	A	C	0.0743	0.0149	5.76E-07	9_5438435_C_A	5438435	69	9:5438435:C:A	9:5438435:C:A	EUR	seroposi	1	0.232	0.186	0.327	0.279	rs911760	C	A	0.210782