chrom	pos	rsid	other_allele	effect_allele	p	beta	se	OR	OR_lower	OR_upper	ID	REF	ALT	ALT_FREQS
1	15229101	rs4661543	G	T	9.40E-11	-0.274436846	0.042375456	0.76	0.699427777	0.825817932	rs4661543	T	G	0.872905
1	24873860	rs12095513	G	A	3.99E-06	-0.186329578	0.04040078	0.83	0.766810858	0.898396251	rs12095513	G	A	0.150562
1	67802371	rs6659932	C	A	1.51E-06	0.182321557	0.037904551	1.2	1.114079649	1.292546723	rs6659932	A	C	0.835979
1	92665899	rs12753920	A	G	9.35E-06	0.131028262	0.029566235	1.14	1.075814923	1.208014476	rs12753920	A	G	0.347753
1	114303808	rs6679677	C	A	4.55E-13	0.336472237	0.04648538	1.4	1.278082479	1.533547352	rs6679677	C	A	0.0965093
1	114449829	rs11102701	T	A	8.16E-06	0.182321557	0.040870117	1.2	1.107622835	1.30008154	rs11102701	T	A	0.000946303
1	159171603	rs3845622	C	A	1.12E-07	-0.261364764	0.049259672	0.77	0.699133393	0.848049895	rs3845622	C	A	0.101177
1	161478810	rs6671847	G	A	6.64E-12	0.198850859	0.028965081	1.22	1.152668052	1.291265076	rs6671847	G	A	0.503174
1	173251856	rs10912578	G	A	1.65E-15	0.246860078	0.030991799	1.28	1.204562165	1.360162263	rs10912578	A	G	0.671558
1	173314540	rs4916215	T	C	5.07E-11	-0.223143551	0.033969323	0.8	0.748470548	0.855077066	rs4916215	C	T	0.731551
1	173375959	rs6684449	G	A	8.72E-07	-0.15082289	0.030664641	0.86	0.809834327	0.913273216	rs6684449	A	G	0.653229
1	183189034	rs10911286	C	G	1.34E-07	-0.248461359	0.047115074	0.78	0.711196224	0.85546011	rs10911286	C	G	0.138122
1	183224185	rs80087370	A	T	1.48E-10	0.631271777	0.098518523	1.88	1.549876842	2.280439261	rs80087370	A	T	0.0182327
1	183256944	rs79085032	G	A	1.08E-13	0.631271777	0.084959282	1.88	1.591618756	2.220632288	rs79085032	G	A	0.0186535
1	183260659	rs946173	A	G	2.69E-11	0.270027137	0.040529082	1.31	1.209963431	1.418307327	rs946173	A	G	0.118548
1	183442324	rs78517564	A	C	1.90E-10	-0.328504067	0.051575878	0.72	0.650774044	0.796589853	rs78517564	A	C	0.120434
1	183542323	rs17849501	C	T	1.81E-59	0.810930216	0.049864233	2.25	2.040502947	2.481005973	rs17849501	C	T	0.050355
1	183550475	rs35734725	A	C	6.62E-08	0.182321557	0.033755703	1.2	1.123175991	1.282078687	rs35734725	A	C	0.267119
1	183676637	rs144762380	A	G	2.29E-06	0.631271777	0.133585882	1.88	1.446929098	2.442690526	rs144762380	A	G	0.00629991
1	183746262	rs13375745	G	A	3.47E-06	-0.235722334	0.050793653	0.79	0.715139327	0.872697077	rs13375745	G	A	0.100748
1	184953111	rs75056196	G	A	4.01E-07	-0.415515444	0.081976829	0.66	0.562035632	0.775039828	rs75056196	G	A	0.0374266
1	246444082	rs1780813	C	T	8.36E-07	-0.634878272	0.128861167	0.53	0.411705842	0.68228325	rs1780813	C	T	0.0152985
2	40282854	rs34703115	T	C	4.08E-09	-0.616186139	0.104777606	0.54	0.439749406	0.663104933	rs34703115	T	C	0.0301659
2	65576306	rs113947673	C	A	3.37E-07	0.182321557	0.035737223	1.2	1.118822283	1.28706768	rs113947673	C	A	0.189253
2	65654364	rs268124	T	C	8.60E-09	-0.186329578	0.032370264	0.83	0.778975802	0.884366366	rs268124	C	T	0.731313
2	113829869	rs13019891	G	T	1.65E-83	-0.562118918	0.029033597	0.57	0.538469314	0.603377001	rs13019891	G	T	0.452808
2	119450163	rs512681	C	A	8.75E-13	-0.301105093	0.04211919	0.74	0.681363933	0.803682105	rs512681	C	A	0.156629
2	123942019	rs148022322	T	A	1.39E-06	-0.891598119	0.184709339	0.41	0.28546712	0.588859411	rs148022322	T	A	0.0195538
2	124132701	rs189830238	G	T	2.60E-06	-0.916290732	0.194964441	0.4	0.272962451	0.586161209	rs189830238	G	T	9.16E-06
2	135046984	rs4954125	G	T	8.80E-08	-0.174353387	0.032590499	0.84	0.788020822	0.895407811	rs4954125	T	G	0.726416
2	155643609	rs6717904	G	A	8.44E-06	0.139761942	0.031380607	1.15	1.08139941	1.222952397	rs6717904	G	A	0.353157
2	163124051	rs1990760	T	C	2.48E-06	-0.139262067	0.029566828	0.87	0.821015697	0.921906856	rs1990760	C	T	0.593697
2	191262925	rs10202630	T	C	1.46E-06	0.139761942	0.029018656	1.15	1.086417273	1.217303915	rs10202630	T	C	0.483923
2	191520845	rs2293765	A	C	3.61E-19	0.262364264	0.029319868	1.3	1.227399033	1.376895333	rs2293765	C	A	0.551056
2	191634597	rs6705471	C	T	3.18E-07	0.270027137	0.052814613	1.31	1.181175934	1.452874166	rs6705471	C	T	0.0710263
2	191809570	rs13399044	C	A	8.77E-07	0.157003749	0.031927983	1.17	1.099026626	1.245556721	rs13399044	C	A	0.257366
2	191869911	rs11693463	A	G	1.30E-12	0.378436436	0.053342909	1.46	1.315062686	1.620911324	rs11693463	A	G	0.0778845
2	191939021	rs138324598	C	T	3.77E-06	0.431782416	0.09338955	1.54	1.28240715	1.849334667	rs138324598	C	T	0.0165382
2	191940451	rs7601754	A	G	9.31E-25	-0.385662481	0.037540793	0.68	0.631762066	0.731921122	rs7601754	G	A	0.813666
2	191940567	rs112574547	T	C	1.26E-06	-0.314710745	0.064938116	0.73	0.642756415	0.829085463	rs112574547	T	C	0.068829
2	191958656	rs4274624	T	C	9.73E-66	0.559615788	0.032679116	1.75	1.641424923	1.865756976	rs4274624	C	T	0.774472
2	191975567	rs143225659	T	C	3.36E-07	0.542324291	0.106295488	1.72	1.396522384	2.118404999	rs143225659	T	C	0.00957699
2	192008203	rs35672585	G	A	1.54E-06	0.182321557	0.037939302	1.2	1.114003769	1.292634765	rs35672585	G	A	0.162281
2	210641048	rs1544581	T	G	6.35E-06	-0.127833372	0.028316547	0.88	0.832490221	0.930221137	rs1544581	G	T	0.549722
2	213890232	rs10048743	T	G	2.04E-08	0.231111721	0.041205628	1.26	1.162239434	1.365983595	rs10048743	G	T	0.853159
2	223961877	rs10200680	C	T	4.96E-09	-0.248461359	0.042483496	0.78	0.71768178	0.847729477	rs10200680	C	T	0.147761
2	233288667	rs2573219	A	C	1.13E-42	0.587786665	0.042929166	1.8	1.654742651	1.958008393	rs2573219	A	C	0.096284
3	21369907	rs145156089	T	C	1.57E-06	0.500775288	0.104273936	1.65	1.345005864	2.024154743	rs145156089	T	C	0.0174906
3	29378090	rs6773182	A	C	6.87E-06	-0.127833372	0.028422848	0.88	0.832316791	0.930414968	rs6773182	A	C	0.415181
3	55008091	rs17054615	A	G	5.82E-06	-0.385662481	0.085085126	0.68	0.575549911	0.803405562	rs17054615	A	G	0.0493054
3	58163692	rs6797266	G	A	3.98E-06	-0.139262067	0.030191629	0.87	0.820010889	0.923036524	rs6797266	A	G	0.641805
3	58429135	rs62259783	G	A	8.28E-08	-0.162518929	0.030315623	0.85	0.800965382	0.902036488	rs62259783	G	A	0.364154
3	123925271	rs1444766	A	G	2.00E-07	0.157003749	0.030197631	1.17	1.102760291	1.241339583	rs1444766	A	G	0.261209
3	129084581	rs9852014	A	G	2.26E-36	0.620576488	0.049272685	1.86	1.688772655	2.048588357	rs9852014	A	G	0.0845048
3	146601295	rs1464446	G	T	2.79E-16	-0.328504067	0.040149728	0.72	0.665512717	0.778948301	rs1464446	G	T	0.191335
3	153678422	rs114080737	G	T	6.59E-06	-0.597837001	0.132657689	0.55	0.424074525	0.713318018	rs114080737	G	T	0.0130841
3	159533769	rs1965998	G	T	1.60E-07	-0.162518929	0.031014535	0.85	0.799868917	0.903273004	rs1965998	T	G	0.667111
3	159629972	rs79153365	G	A	3.17E-07	0.500775288	0.097940662	1.65	1.361805769	1.999183776	rs79153365	G	A	0.0150569
3	159748367	rs112992337	A	G	1.89E-07	-0.162518929	0.031196416	0.85	0.799583825	0.903595067	rs112992337	A	G	0.442471
3	159900548	rs73154513	G	A	2.78E-06	0.39877612	0.085096222	1.49	1.261103995	1.760441651	rs73154513	G	A	0.0266325
3	169512241	rs7643115	G	A	5.70E-06	-0.15082289	0.033242092	0.86	0.805753519	0.917898566	rs7643115	G	A	0.241963
4	9520869	rs13152726	T	C	6.85E-06	0.157003749	0.034902785	1.17	1.092637273	1.252840292	rs13152726	C	T	0.807168
4	81128045	rs12711161	T	G	9.01E-06	0.139761942	0.031480168	1.15	1.081188407	1.223191066	rs12711161	T	G	0.302515
4	102743687	rs13136219	C	T	3.50E-10	-0.174353387	0.027786961	0.84	0.795475023	0.887017166	rs13136219	C	T	0.3786
4	102923745	rs10018650	C	T	5.63E-06	0.131028262	0.028862679	1.14	1.077299462	1.206349808	rs10018650	C	T	0.164968
5	36916867	rs147985830	G	A	1.91E-06	-0.186329578	0.039120319	0.83	0.768737743	0.89614437	rs147985830	G	A	0.192811
5	93307314	rs180809602	T	A	6.32E-07	-0.84397007	0.169435168	0.43	0.30849088	0.599369421	rs180809602	T	A	0.00327739
5	100184647	rs55849330	C	A	8.41E-07	0.148420005	0.030132219	1.16	1.093475173	1.230572064	rs55849330	C	A	0.317301
5	106496482	rs140986610	T	C	3.74E-06	0.570979547	0.123451027	1.77	1.38959944	2.254534587	rs140986610	T	C	0.0115042
5	131394455	rs76167168	C	A	3.76E-06	0.277631737	0.060036922	1.32	1.173463192	1.484835666	rs76167168	C	A	0.0520766
5	133428601	rs4388254	C	T	3.71E-10	0.378436436	0.060397671	1.46	1.297004013	1.64347988	rs4388254	C	T	0.0494492
5	149202268	rs1078324	C	A	7.11E-20	-0.713349888	0.078166469	0.49	0.420396836	0.571127039	rs1078324	C	A	0.0583556
5	150457771	rs6889239	T	C	2.19E-18	0.277631737	0.031739962	1.32	1.240384498	1.404725715	rs6889239	T	C	0.253793
5	150470963	rs4958885	A	G	8.65E-07	0.139761942	0.028406813	1.15	1.0877209	1.215844984	rs4958885	A	G	0.458404
5	150504222	rs13183792	A	G	5.68E-06	-0.174353387	0.03842019	0.84	0.779067989	0.90569759	rs13183792	G	A	0.845744
5	159782450	rs71603662	T	C	3.64E-07	-0.261364764	0.051380066	0.77	0.696233844	0.8515817	rs71603662	T	C	0.0960078
5	159887336	rs2431098	A	G	2.24E-15	0.235704333	0.02973352	1.2658	1.194140447	1.341759794	rs2431098	A	G	0.490811
6	6727398	rs201060	A	G	9.02E-06	0.262364264	0.059099348	1.3	1.157809136	1.459653364	rs201060	A	G	0.0623106
6	17006346	rs4282415	G	A	4.34E-06	-0.139262067	0.030312527	0.87	0.819816602	0.923255272	rs4282415	G	A	0.351536
6	25244395	rs183779130	G	A	6.00E-08	0.350656872	0.064712441	1.42	1.250846456	1.612028391	rs183779130	G	A	0.0630503
6	25386552	rs188542	C	T	1.75E-06	0.139761942	0.029233543	1.15	1.085959794	1.217816725	rs188542	C	T	0.436949
6	25514179	rs35789010	G	A	2.47E-19	0.500775288	0.055702565	1.65	1.479343282	1.84034364	rs35789010	G	A	0.0829842
6	25601125	rs9295666	T	A	5.42E-06	-0.127833372	0.028107913	0.88	0.832830715	0.929840826	rs9295666	T	A	0.47277
6	25930088	rs3884025	G	A	2.13E-21	0.512823626	0.053989085	1.67	1.502311648	1.856405762	rs3884025	G	A	0.0926054
6	26189356	rs13204572	G	C	4.15E-26	0.548121409	0.051861285	1.73	1.562790944	1.915099401	rs13204572	G	C	0.0981263
6	26379537	rs4712984	C	T	3.92E-06	0.139761942	0.030280761	1.15	1.083733096	1.220318919	rs4712984	C	T	0.370523
6	26599509	rs45527431	A	G	5.68E-32	0.587786665	0.049945938	1.8	1.632140962	1.985122656	rs45527431	A	G	0.103074
6	26753749	rs115942104	A	G	1.61E-06	-0.174353387	0.036346031	0.84	0.78224162	0.902023086	rs115942104	A	G	0.147492
6	26903379	rs71206067	C	T	1.93E-30	0.570979547	0.049793314	1.77	1.605418792	1.951453425	rs71206067	C	T	0.102436
6	27390115	rs13191227	G	C	1.41E-32	0.587786665	0.049455405	1.8	1.633710929	1.983214988	rs13191227	G	C	0.105811
6	27692611	rs77997983	T	A	4.19E-06	-0.261364764	0.056797421	0.77	0.68888033	0.860671984	rs77997983	T	A	0.0761902
6	27698837	rs13202295	C	T	1.12E-34	0.609765572	0.049642343	1.84	1.669403838	2.028029362	rs13202295	C	T	0.10633
6	28080628	rs34588114	C	A	3.18E-34	0.598836501	0.049092221	1.82	1.653039556	2.003823798	rs34588114	C	A	0.108354
6	28147855	rs62401437	G	A	5.02E-07	-0.174353387	0.034693899	0.84	0.784778765	0.899106897	rs62401437	G	A	0.268255
6	28354835	rs67981811	C	G	9.96E-35	0.609765572	0.04960537	1.84	1.669524819	2.027882402	rs67981811	C	G	0.10921
6	28608453	rs79124765	G	C	1.04E-11	0.231111721	0.033984093	1.26	1.178806987	1.346785367	rs79124765	G	C	0.251184
6	28934352	rs148696809	T	C	1.55E-35	0.598836501	0.048131469	1.82	1.656155284	2.000054	rs148696809	T	C	0.112297
6	29244219	rs144447022	G	T	2.09E-37	0.620576488	0.048554312	1.86	1.691152141	2.045705952	rs144447022	G	T	0.112263
6	29645613	rs3129063	C	A	9.78E-17	0.292669614	0.03522968	1.34	1.250595005	1.435796556	rs3129063	C	A	0.225976
6	29843398	rs9259033	C	T	7.31E-07	-0.15082289	0.030451523	0.86	0.810172676	0.91289181	rs9259033	T	C	0.660352
6	29902279	rs9259928	C	G	9.17E-35	0.518793793	0.042181846	1.68	1.546690329	1.824799669	rs9259928	C	G	0.230027
6	30395966	rs115411850	T	C	3.24E-07	-0.301105093	0.058936934	0.74	0.659270418	0.830615154	rs115411850	T	C	0.0546005
6	30400763	rs149543464	G	A	8.98E-52	0.667829373	0.044113678	1.95	1.788480835	2.126106092	rs149543464	G	A	0.137375
6	30963600	rs114966475	T	C	4.94E-07	0.336472237	0.066909522	1.4	1.22792969	1.596182595	rs114966475	T	C	0.0329994
6	30989692	rs114115115	T	G	2.37E-10	-0.356674944	0.056302977	0.7	0.62686205	0.781671183	rs114115115	T	G	0.0612315
6	31010047	rs150180633	C	T	2.66E-41	0.928219303	0.068957329	2.53	2.210155641	2.89613088	rs150180633	C	T	0.0142942
6	31035118	rs185490114	G	A	2.00E-12	-0.261364764	0.037154981	0.77	0.7159188	0.828166546	rs185490114	G	A	0.221338
6	31097301	rs3130559	C	T	7.37E-06	-0.162518929	0.036254725	0.85	0.791695691	0.912598121	rs3130559	C	T	0.21455
6	31105466	rs3132558	G	C	9.50E-07	-0.174353387	0.035570158	0.84	0.783432089	0.900652411	rs3132558	C	G	0.746185
6	31140068	rs116371977	C	T	5.68E-06	-0.415515444	0.091563767	0.66	0.551573361	0.789740822	rs116371977	C	T	0.0315856
6	31203779	rs141444295	G	A	6.99E-06	-0.446287103	0.099306102	0.64	0.526803818	0.777519042	rs141444295	G	A	0.0148951
6	31296416	rs115168686	C	G	1.13E-31	0.378436436	0.03231621	1.46	1.370391773	1.555467599	rs115168686	C	G	0.310656
6	31319940	rs28380931	C	T	8.14E-07	-0.186329578	0.037779348	0.83	0.770760877	0.893792123	rs28380931	C	T	0.165608
6	31322367	rs3819299	T	G	5.92E-08	-0.301105093	0.055542832	0.74	0.663670795	0.825107876	rs3819299	T	G	0.0556545
6	31324208	rs12721829	G	T	3.38E-17	-0.328504067	0.038956312	0.72	0.667071236	0.777128396	rs12721829	G	A	0.121119
6	31326074	rs2853999	A	T	1.67E-96	0.879626748	0.042197089	2.41	2.218697815	2.617796782	rs2853999	A	T	0.136874
6	31326082	rs9266271	T	C	1.54E-26	-0.328504067	0.030811465	0.72	0.677805749	0.764820896	rs9266271	T	C	0.36041
6	31329494	rs2523572	T	C	3.85E-13	-0.223143551	0.030732383	0.8	0.753234241	0.849669286	rs2523572	C	T	0.63603
6	31340001	rs115032094	A	G	1.98E-06	0.431782416	0.090795223	1.54	1.288944645	1.839954888	rs115032094	A	G	0.0107743
6	31356204	rs114729316	G	A	4.37E-11	-0.274436846	0.041637413	0.76	0.700440276	0.824624197	rs114729316	G	A	0.207314
6	31421514	rs189415357	T	A	7.45E-07	0.322083499	0.065076945	1.38	1.214743188	1.567738777	rs189415357	T	A	0.00166608
6	31461151	rs2904596	T	G	3.89E-15	-0.274436846	0.034922668	0.76	0.70971963	0.813842503	rs2904596	T	G	0.274907
6	31472821	rs4713470	T	C	3.00E-24	-0.328504067	0.032334159	0.72	0.675785866	0.767106899	rs4713470	T	C	0.316586
6	31512936	rs45529339	C	T	2.03E-06	-0.356674944	0.075080766	0.7	0.604210129	0.810976143	rs45529339	C	T	0.0460732
6	31564167	rs2515919	A	G	1.14E-13	-0.223143551	0.030060235	0.8	0.754227214	0.84855066	rs2515919	A	G	0.368
6	31571971	rs115128935	T	C	1.25E-11	-0.994252273	0.146776701	0.37	0.277499928	0.493333462	rs115128935	T	C	0.0165046
6	31711124	rs2293861	C	T	9.84E-21	-0.385662481	0.041301552	0.68	0.627122412	0.73733611	rs2293861	C	T	0.138714
6	31774846	rs118142743	G	A	3.53E-10	-0.994252273	0.158487513	0.37	0.271202962	0.504787996	rs118142743	G	C	0.000366228
6	31778529	rs2075799	C	T	4.30E-07	-0.261364764	0.05170409	0.77	0.695791815	0.8521227	rs2075799	C	T	0.0700377
6	31807196	rs191022110	G	C	7.82E-47	1.160020917	0.080717402	3.19	2.723219469	3.736790265	rs191022110	G	C	8.32E-05
6	31826414	rs2507954	A	G	5.07E-07	-0.15082289	0.030022512	0.86	0.810854204	0.912124518	rs2507954	A	G	0.331075
6	31847180	rs146903072	G	A	4.53E-14	-0.916290732	0.121448419	0.4	0.315268812	0.50750342	rs146903072	G	A	0.0190205
6	31879740	rs114408539	G	A	1.94E-07	-0.415515444	0.079831912	0.66	0.564403425	0.771788371	rs114408539	G	A	0.0405273
6	31918860	rs1270942	A	G	1.45E-101	0.928219303	0.043382175	2.53	2.323768544	2.754534232	rs1270942	A	G	0.125612
6	32058676	rs115461385	C	T	5.32E-06	-0.342490309	0.075242137	0.71	0.612647899	0.822821723	rs115461385	C	T	0.050393
6	32076499	rs2269426	G	A	3.68E-24	-0.301105093	0.029695269	0.74	0.69815941	0.78434809	rs2269426	G	A	0.359398
6	32088475	rs144251373	G	A	1.74E-06	-0.371063681	0.077608248	0.69	0.592635436	0.803360669	rs144251373	G	A	0.0410357
6	32201707	rs12182351	T	C	7.94E-25	-0.356674944	0.034667206	0.7	0.654016521	0.749216548	rs12182351	T	C	0.000125837
6	32285362	rs116667074	C	T	1.56E-95	0.90016135	0.04340578	2.46	2.259370019	2.678445738	rs116667074	C	T	0.123307
6	32390436	rs143810596	T	G	4.41E-08	-0.616186139	0.112573796	0.54	0.433080879	0.673315341	rs143810596	T	G	0.0227465
6	32403103	rs187945777	C	T	1.13E-15	0.951657876	0.118785662	2.59	2.052047299	3.26897923	rs187945777	C	T	0.000279164
6	32454348	rs114686133	A	G	1.80E-48	0.698134722	0.047718655	2.01	1.830531126	2.207064355	rs114686133	A	G	0.0158985
6	32455171	rs115244821	C	T	2.63E-14	-0.261364764	0.034320202	0.77	0.719907635	0.823577874	rs115244821	C	G	0.000103715
6	32455349	rs185973846	A	G	1.73E-32	-0.400477567	0.033743261	0.67	0.627121888	0.715809811	rs185973846	A	G	0.000991538
6	32455569	rs79197920	T	C	1.61E-41	0.451075619	0.033418118	1.57	1.470461221	1.67627678	rs79197920	C	T	0.00522482
6	32458295	rs138894017	C	T	1.71E-11	-0.314710745	0.04677231	0.73	0.666054039	0.800085232	rs138894017	C	G	0.000161627
6	32458973	rs147855647	T	G	8.25E-12	0.2390169	0.034974329	1.27	1.185858773	1.36011137	rs147855647	G	T	0.00399046
6	32459025	rs115662768	A	T	1.02E-21	-0.314710745	0.032869858	0.73	0.684452749	0.778578216	rs115662768	A	T	0.000456421
6	32459129	rs190898689	T	C	3.30E-23	-0.356674944	0.035943398	0.7	0.652382649	0.751092938	rs190898689	T	C	0.000773981
6	32459152	rs192276657	A	C	1.50E-11	-0.235722334	0.034932829	0.79	0.737720186	0.845984714	rs192276657	A	C	0.00687355
6	32460904	rs140522203	C	A	1.23E-07	-0.235722334	0.044571232	0.79	0.723914529	0.862118351	rs140522203	C	A	0.0171308
6	32469564	rs114823390	A	T	4.83E-34	-0.400477567	0.032923108	0.67	0.628130797	0.714660071	rs114823390	A	T	0.000203177
6	32469662	rs116191291	C	T	5.68E-34	-0.400477567	0.032958984	0.67	0.628086631	0.714710325	rs116191291	C	T	0.0201752
6	32469697	rs79608159	T	G	4.41E-34	-0.400477567	0.032902939	0.67	0.628155629	0.71463182	rs79608159	T	G	0.000328678
6	32471064	rs113753702	T	C	1.88E-29	-0.385662481	0.034224804	0.68	0.635881472	0.727179546	rs113753702	T	C	0.00243865
6	32471830	rs78666937	G	C	5.86E-20	-0.342490309	0.037443754	0.71	0.659759393	0.764066424	rs78666937	G	C	7.30E-05
6	32471880	rs74624624	C	T	6.81E-22	-0.356674944	0.037090073	0.7	0.650918077	0.752782904	rs74624624	C	T	0.000782229
6	32471904	rs76684596	A	G	4.89E-19	-0.342490309	0.038418854	0.71	0.658499668	0.765528101	rs76684596	A	G	2.08E-05
6	32474548	rs183295178	C	T	9.45E-25	-0.342490309	0.033343132	0.71	0.66508339	0.757950067	rs183295178	C	T	0.000167293
6	32479137	rs185292106	T	A	1.21E-25	-0.385662481	0.036841281	0.68	0.632628833	0.730918314	rs185292106	T	A	0.00568674
6	32479244	rs113008589	A	T	1.35E-09	-0.248461359	0.040988562	0.78	0.719787722	0.845249205	rs113008589	A	T	0.012304
6	32479512	rs113327522	T	C	9.28E-12	-0.328504067	0.048186908	0.72	0.655111121	0.791316135	rs113327522	T	C	0.00199272
6	32479655	rs112074290	G	A	4.32E-11	-0.223143551	0.033847967	0.8	0.748648598	0.854873704	rs112074290	G	A	0.285097
6	32480134	rs113314718	T	C	1.79E-18	-0.314710745	0.035884635	0.73	0.680420269	0.783192425	rs113314718	T	C	9.94E-05
6	32480380	rs78438144	T	C	1.73E-06	0.173953307	0.036374546	1.19	1.108113696	1.277937458	rs78438144	C	T	0.000354365
6	32481806	rs184528465	T	A	3.82E-07	0.182321557	0.035905964	1.2	1.118452315	1.287493424	rs184528465	A	T	0.0262273
6	32482464	rs191002062	T	G	2.63E-27	0.418710335	0.038681464	1.52	1.409020336	1.639720833	rs191002062	T	G	0.0100167
6	32484807	rs186378979	T	C	1.52E-23	-0.356674944	0.035666054	0.7	0.652737376	0.750684759	rs186378979	T	C	0.00192807
6	32484837	rs191255170	G	A	1.84E-36	-0.415515444	0.032948788	0.66	0.618724567	0.704028938	rs191255170	G	A	0.0124403
6	32485916	rs146222234	A	G	3.07E-12	0.246860078	0.035394769	1.28	1.194211734	1.371951014	rs146222234	A	G	0.148994
6	32486145	rs117802264	C	T	2.86E-09	-0.287682072	0.048433574	0.75	0.682077577	0.824686251	rs117802264	C	T	0.0515079
6	32489822	rs115417906	C	T	2.55E-15	-0.385662481	0.048749935	0.68	0.618033663	0.748179311	rs115417906	C	T	0.0195678
6	32489891	rs112906420	C	T	2.70E-06	-0.301105093	0.064172945	0.74	0.6525392	0.839183301	rs112906420	C	T	0.0788801
6	32491368	rs116572578	T	C	1.36E-15	-0.385662481	0.048273772	0.68	0.618610729	0.747481378	rs116572578	T	C	0.00996296
6	32515580	rs189586157	A	G	5.48E-47	0.717839793	0.049863759	2.05	1.859126635	2.260470008	rs189586157	A	G	0.119396
6	32520557	rs185079571	A	G	1.90E-06	-0.314710745	0.066066762	0.73	0.641336115	0.830921551	rs185079571	A	G	0.00766467
6	32537468	rs114015773	C	T	9.32E-22	0.357674444	0.037319473	1.43	1.329134897	1.538519532	rs114015773	C	T	0.0726618
6	32537489	rs114012503	A	G	1.09E-26	0.412109651	0.038536463	1.51	1.400148332	1.628470318	rs114012503	A	G	0.0604195
6	32540228	rs190672020	A	T	3.13E-10	-0.693147181	0.110161236	0.5	0.402901484	0.620499079	rs190672020	A	T	0.00914194
6	32542378	rs116206645	T	A	2.16E-10	-0.261364764	0.041163292	0.77	0.71031637	0.834698488	rs116206645	T	A	0.0201588
6	32544369	rs142202487	T	C	2.56E-07	-0.891598119	0.173004674	0.41	0.29209176	0.575504082	rs142202487	T	C	0.000562964
6	32548008	rs149860663	G	A	1.18E-09	-0.261364764	0.042968819	0.77	0.707807122	0.837657579	rs149860663	G	A	0.00308748
6	32552686	rs115772678	A	G	1.30E-34	0.457424847	0.037277855	1.58	1.46867444	1.699764041	rs115772678	A	G	0.208239
6	32575340	rs73410643	A	T	1.04E-09	-0.673344553	0.110339129	0.51	0.410816249	0.633129776	rs73410643	A	T	4.16E-05
6	32575853	rs114653220	T	C	9.00E-10	-0.673344553	0.10991329	0.51	0.411159278	0.632601559	rs114653220	T	C	0.00340764
6	32604898	rs9272400	A	G	5.49E-51	0.482426149	0.032120537	1.62	1.521154974	1.725268	rs9272400	G	A	0.651556
6	32605266	rs1047992	G	A	2.60E-17	-0.46203546	0.054593343	0.63	0.566069503	0.701150651	rs1047992	G	A	0.0138508
6	32610749	rs7708	G	A	2.62E-10	-0.371063681	0.058715496	0.69	0.614991979	0.774156438	rs7708	G	A	0.0704013
6	32617429	rs28823582	C	G	1.77E-35	-0.430782916	0.034654014	0.65	0.607316757	0.695683093	rs28823582	C	G	0.697261
6	32622122	rs17843693	G	A	7.63E-42	0.431782416	0.031859266	1.54	1.4467769	1.639229932	rs17843693	G	A	0.364453
6	32624017	rs145607970	C	A	3.54E-14	0.500775288	0.066093582	1.65	1.44951913	1.878209085	rs145607970	C	A	0.0325862
6	32627130	rs4713576	T	C	5.79E-28	-0.415515444	0.037903487	0.66	0.612745084	0.710899216	rs4713576	T	C	0.257985
6	32628084	rs2854277	C	T	4.88E-99	0.850150929	0.040247389	2.34	2.162502352	2.53206661	rs2854277	C	T	0.0797047
6	32633697	rs9274476	C	A	1.47E-44	0.500775288	0.035758821	1.65	1.538315519	1.769792976	rs9274476	C	A	0.114735
6	32633819	rs28746833	A	G	4.85E-48	0.451075619	0.030974854	1.57	1.477519849	1.66826862	rs28746833	G	A	0.373368
6	32723308	rs114920411	G	A	5.16E-07	-0.301105093	0.059979811	0.74	0.657924219	0.832314701	rs114920411	G	A	0.0383538
6	32779583	rs2097294	C	T	1.21E-23	0.698134722	0.069651721	2.01	1.753506238	2.304012333	rs2097294	C	T	0.0273442
6	32787056	rs1894406	C	T	2.22E-20	-0.287682072	0.031097172	0.75	0.70565239	0.797134692	rs1894406	C	T	0.320773
6	32798795	rs241433	A	C	4.53E-07	-0.15082289	0.029893007	0.86	0.81106005	0.911893022	rs241433	C	A	0.595249
6	32805049	rs2239701	T	C	2.31E-08	0.157003749	0.028101447	1.17	1.107300325	1.236249976	rs2239701	T	C	0.450888
6	32813214	rs3198005	G	A	1.90E-06	0.300104592	0.062990669	1.35	1.193204901	1.527399022	rs3198005	G	A	0.0495949
6	32914726	rs73396800	G	C	2.01E-41	0.698134722	0.051785055	2.01	1.815999518	2.22472526	rs73396800	G	C	0.0858213
6	32925585	rs209475	G	A	5.41E-07	-0.15082289	0.030097815	0.86	0.810734537	0.912259151	rs209475	G	A	0.314676
6	32977315	rs403414	A	G	3.76E-07	-0.186329578	0.036674229	0.83	0.772432181	0.891858233	rs403414	A	G	0.174372
6	33031467	rs116733694	A	G	1.24E-07	0.231111721	0.043706175	1.26	1.156557151	1.372694811	rs116733694	A	G	0.177249
6	33134392	rs2855453	A	C	7.66E-08	0.173953307	0.03236433	1.19	1.116857816	1.267932211	rs2855453	C	A	0.664233
6	33401291	rs116323349	C	A	9.36E-15	0.548121409	0.07074621	1.73	1.506002572	1.987314004	rs116323349	C	A	0.0415012
6	33446533	rs189804574	C	T	3.10E-13	0.951657876	0.130545874	2.59	2.005288543	3.345204372	rs189804574	C	T	4.41E-05
6	33475733	rs77796907	A	G	2.92E-10	0.39877612	0.063266178	1.49	1.316233714	1.686706529	rs77796907	A	G	0.00707477
6	33528892	rs192316015	C	T	1.48E-12	0.928219303	0.131174115	2.53	1.956423454	3.271735465	rs192316015	C	T	0.000716011
6	33563946	rs501480	T	C	2.07E-11	0.198850859	0.029676352	1.22	1.151062247	1.293066474	rs501480	T	C	0.525784
6	33652542	rs77322067	C	T	7.34E-12	0.518793793	0.075726565	1.68	1.44826998	1.948807915	rs77322067	C	T	0.0365415
6	34674502	rs7752538	G	A	1.22E-08	0.336472237	0.059069349	1.4	1.246944692	1.571841969	rs7752538	G	A	0.0541264
6	34852891	rs57951780	C	T	5.37E-06	0.139761942	0.030717553	1.15	1.082805695	1.221364098	rs57951780	C	T	0.117801
6	34948771	rs13215208	C	T	2.07E-08	0.292669614	0.052206527	1.34	1.209666644	1.484375889	rs13215208	C	T	0.0718873
6	35278796	rs10755687	C	A	9.70E-06	0.157003749	0.035491892	1.17	1.091376387	1.25428772	rs10755687	A	C	0.804881
6	36345840	rs7764323	G	A	2.71E-06	-0.235722334	0.050243665	0.79	0.715910645	0.871756837	rs7764323	A	G	0.88881
6	106574794	rs7768653	T	C	3.11E-12	0.207014169	0.029689071	1.23	1.160468253	1.303697879	rs7768653	C	T	0.608559
6	135997778	rs7739635	C	T	8.49E-06	0.131028262	0.02942923	1.14	1.07610385	1.207690131	rs7739635	C	T	0.375068
6	137973068	rs2327832	A	G	3.40E-06	0.157003749	0.033800007	1.17	1.095001503	1.25013527	rs2327832	A	G	0.214843
6	138243739	rs58721818	C	T	3.38E-18	0.657520003	0.075594067	1.93	1.66421848	2.23822776	rs58721818	C	T	0.032207
6	138251635	rs9285486	C	T	4.77E-06	0.139761942	0.030549989	1.15	1.083161375	1.220963035	rs9285486	T	C	0.629585
7	26657874	rs28421776	C	G	8.13E-08	-0.385662481	0.071894662	0.68	0.590623797	0.782901066	rs28421776	C	G	0.0574033
7	28162674	rs12531540	C	T	4.77E-06	-0.127833372	0.027944266	0.88	0.833097886	0.92954263	rs12531540	C	T	0.47991
7	36819813	rs4723572	C	T	1.76E-06	0.139761942	0.029246804	1.15	1.085931568	1.217848379	rs4723572	C	T	0.49947
7	42121585	rs866417	T	C	5.75E-08	-0.162518929	0.029950395	0.85	0.801538956	0.901390998	rs866417	T	C	0.459412
7	50162598	rs71538367	A	T	6.64E-07	-0.15082289	0.030336875	0.86	0.810354749	0.912686698	rs71538367	A	T	0.416811
7	73090016	rs118120097	C	A	8.26E-06	0.609765572	0.13676656	1.84	1.407342416	2.405668984	rs118120097	C	A	0.00899592
7	73537622	rs188868115	C	T	1.53E-06	0.518793793	0.107904506	1.68	1.35975014	2.075675462	rs188868115	C	T	1.10E-05
7	73605165	rs150727739	C	T	1.07E-06	0.518793793	0.10633598	1.68	1.363936866	2.069303991	rs150727739	C	T	0.012771
7	73866009	rs2097926	A	T	1.45E-06	0.438254931	0.090955935	1.55	1.296905833	1.852486078	rs2097926	A	T	0.0197244
7	90976132	rs11762520	A	T	8.39E-06	0.19062036	0.042788328	1.21	1.112661882	1.315853471	rs11762520	A	T	0.1378
7	92556186	rs10252453	G	A	3.01E-06	0.19062036	0.040815089	1.21	1.116973489	1.310774172	rs10252453	G	A	0.156947
7	128570026	rs12706860	C	G	2.26E-18	-0.274436846	0.031387109	0.76	0.71465485	0.808222319	rs12706860	C	G	0.339646
7	128577304	rs3757385	G	T	3.99E-18	-0.261364764	0.030114177	0.77	0.725866947	0.816816364	rs3757385	T	G	0.628359
7	128585616	rs35000415	C	T	1.86E-45	0.587786665	0.041538955	1.8	1.659257667	1.952680445	rs35000415	C	T	0.110029
7	128679111	rs149984237	T	C	2.08E-13	0.841567186	0.114600019	2.32	1.853269077	2.904273355	rs149984237	T	C	0.00593405
7	128706037	rs73228772	C	T	1.10E-07	-0.597837001	0.112594816	0.55	0.441082723	0.685812398	rs73228772	C	T	0.0162873
7	128727859	rs57356518	A	C	2.48E-16	0.39877612	0.048654904	1.49	1.35447308	1.639087578	rs57356518	A	C	0.0119753
7	128738941	rs7799991	A	T	5.77E-11	0.19062036	0.029104184	1.21	1.142908305	1.281030153	rs7799991	A	T	0.45101
7	128771234	rs117020262	G	A	2.52E-08	0.609765572	0.109435693	1.84	1.484787425	2.280191725	rs117020262	G	A	0.0182526
7	147918464	rs6947963	G	T	1.42E-07	-0.223143551	0.042402631	0.8	0.736200553	0.869328334	rs6947963	G	T	0.164679
8	8301794	rs2976855	G	A	4.90E-07	0.148420005	0.029506138	1.16	1.094817819	1.229062934	rs2976855	G	A	0.47002
8	8726804	rs1567398	G	T	8.50E-08	0.157003749	0.029313052	1.17	1.104673887	1.239189245	rs1567398	G	T	0.434207
8	9035078	rs106380	C	G	8.93E-08	-0.162518929	0.030392531	0.85	0.800844654	0.90217247	rs106380	G	C	0.556687
8	10185120	rs71516568	G	T	3.77E-06	-0.127833372	0.027647663	0.88	0.833582343	0.929002404	rs71516568	G	T	0.413398
8	10584642	rs11774893	C	T	6.16E-07	0.148420005	0.029766974	1.16	1.094258249	1.229691438	rs11774893	T	C	0.526211
8	11014616	rs34208825	G	T	1.60E-08	0.162543929	0.028765428	1.1765	1.112003886	1.244736882	rs34208825	T	G	0.500391
8	11339965	rs2736332	G	C	4.83E-18	0.277631737	0.03206938	1.32	1.239583892	1.40563298	rs2736332	G	C	0.278609
8	11740999	rs28592224	T	C	7.24E-07	-0.162518929	0.03280056	0.85	0.797073785	0.90644055	rs28592224	T	C	0.315932
8	19195543	rs1343964	C	G	6.12E-06	-0.314710745	0.069593777	0.73	0.636917881	0.83668557	rs1343964	C	G	0.0509226
8	50609940	rs7386188	G	T	1.10E-08	-0.494296322	0.08650891	0.61	0.514863333	0.722716061	rs7386188	T	G	0.960417
8	55511676	rs7823055	T	G	1.64E-34	0.350656872	0.028620839	1.42	1.342535549	1.501934159	rs7823055	G	T	0.566929
8	74143975	rs1833676	C	T	2.35E-06	-0.223143551	0.047272228	0.8	0.729207378	0.877665283	rs1833676	C	T	0.108175
8	108607014	rs147100764	G	A	1.21E-06	0.350656872	0.072245368	1.42	1.232513956	1.636005816	rs147100764	G	A	0.0433545
8	113962029	rs78664784	T	C	9.85E-06	-0.314710745	0.071193197	0.73	0.634924356	0.839312581	rs78664784	T	C	0.0371475
8	130222310	rs12679073	G	A	3.17E-06	-0.15082289	0.032368664	0.86	0.807134086	0.916328541	rs12679073	G	A	0.284417
9	8993618	rs9942952	G	A	8.33E-06	0.139761942	0.031361554	1.15	1.081439795	1.222906727	rs9942952	G	A	0.366612
9	9849056	rs10978034	C	G	8.89E-07	0.336472237	0.068462072	1.4	1.224198783	1.601047172	rs10978034	C	G	0.047836
9	122958858	rs16909571	C	G	2.84E-06	-0.162518929	0.034711532	0.85	0.794093924	0.909841995	rs16909571	C	G	0.259508
10	8472876	rs10905367	G	C	1.18E-07	-0.162518929	0.030679781	0.85	0.800393899	0.902680544	rs10905367	C	G	0.606546
10	50025396	rs7097397	G	A	8.60E-11	-0.186329578	0.028711836	0.83	0.784581537	0.878047682	rs7097397	G	A	0.365488
10	61534883	rs7922768	C	A	8.59E-06	0.182321557	0.040971691	1.2	1.107402343	1.300340394	rs7922768	C	A	0.184287
10	63825561	rs7899626	C	T	4.19E-08	0.182321557	0.033253186	1.2	1.124282789	1.280816547	rs7899626	C	T	0.304925
10	71704566	rs4082517	G	A	2.16E-06	-0.198450939	0.041887939	0.82	0.755367193	0.890163098	rs4082517	G	A	0.129222
10	101859870	rs7068215	A	G	9.63E-06	-0.127833372	0.028886941	0.88	0.83156004	0.93126168	rs7068215	A	G	0.399562
11	625085	rs58688157	A	G	2.97E-11	-0.223143551	0.033564737	0.8	0.749064312	0.854399268	rs58688157	A	G	0.281382
11	11767584	rs80315778	G	A	8.14E-07	0.207014169	0.041973531	1.23	1.132860726	1.335468664	rs80315778	G	A	0.130023
11	35101738	rs353608	G	A	2.93E-11	-0.186329578	0.028019771	0.83	0.785646503	0.876857464	rs353608	A	G	0.527487
11	85026989	rs74412165	G	C	4.16E-06	-0.653926467	0.142050632	0.52	0.393629288	0.686940754	rs74412165	G	C	0.0131309
11	128324869	rs12575600	C	G	3.55E-06	0.223143551	0.04813046	1.25	1.137471537	1.373660746	rs12575600	C	G	0.100309
11	128499000	rs7941765	C	T	1.14E-06	-0.139262067	0.028616965	0.87	0.822545631	0.92019211	rs7941765	T	C	0.517422
11	128500477	rs76186320	A	C	5.01E-06	0.2390169	0.052364614	1.27	1.146119923	1.407269839	rs76186320	A	C	0.0695117
12	1638692	rs7978841	A	G	9.35E-06	0.131028262	0.029566456	1.14	1.075814456	1.208015	rs7978841	A	G	0.439623
12	5012503	rs73050535	C	T	9.11E-09	-0.713349888	0.124134163	0.49	0.384176634	0.624972939	rs73050535	C	T	0.0231332
12	34129015	rs10844759	A	G	7.65E-06	0.139761942	0.031233147	1.15	1.081712004	1.222598987	rs10844759	G	A	0.583548
12	109638760	rs10849926	G	T	1.66E-06	-0.261364764	0.054547228	0.77	0.691925262	0.856884453	rs10849926	T	G	0.910181
12	111973358	rs597808	A	G	3.51E-08	-0.162518929	0.029473642	0.85	0.802288293	0.9005491	rs597808	A	G	0.535225
12	112273499	rs11513729	C	T	4.95E-07	0.148420005	0.029516295	1.16	1.094796024	1.229087401	rs11513729	C	T	0.39695
12	112610714	rs11066188	G	A	3.72E-07	0.148420005	0.029200922	1.16	1.095472961	1.228327898	rs11066188	G	A	0.392621
12	112883476	rs11066309	G	A	3.21E-07	0.148420005	0.02903971	1.16	1.095819159	1.227939837	rs11066309	G	A	0.392912
12	129261435	rs1009858	C	T	1.88E-06	0.139761942	0.02932548	1.15	1.085764125	1.218036192	rs1009858	T	C	0.645699
12	129273505	rs35429841	C	T	6.48E-08	0.262364264	0.048539797	1.3	1.182021681	1.429753808	rs35429841	C	T	0.100949
13	20946829	rs117398816	C	T	1.60E-06	0.292669614	0.061000813	1.34	1.188994533	1.510183563	rs117398816	C	T	0.0474615
13	46785521	rs912784	C	A	4.08E-06	0.322083499	0.069908363	1.38	1.203294375	1.582655117	rs912784	C	A	0.0419707
13	48403372	rs725772	C	T	6.70E-06	0.131028262	0.029097516	1.14	1.076803717	1.206905196	rs725772	T	C	0.514296
13	50383685	rs1198325	T	C	2.48E-06	-0.127833372	0.027141285	0.88	0.834410084	0.928080826	rs1198325	T	C	0.465791
13	82772038	rs11618747	T	C	1.47E-06	0.438254931	0.091003909	1.55	1.29678389	1.852660276	rs11618747	T	C	0.0405124
13	110556571	rs381259	G	A	6.54E-06	-0.162518929	0.03604978	0.85	0.792013773	0.912231611	rs381259	G	A	0.219084
16	11177801	rs7200786	G	A	7.21E-08	0.157003749	0.029150555	1.17	1.105025777	1.238794632	rs7200786	A	G	0.551773
16	13046720	rs924546	G	A	6.12E-06	-0.15082289	0.033352176	0.86	0.805579686	0.918096636	rs924546	A	G	0.750276
16	30548937	rs191275784	G	A	8.36E-07	0.667829373	0.135548238	1.95	1.495042787	2.543405468	rs191275784	G	A	0.0106904
16	31158647	rs28385574	C	T	3.21E-06	0.246860078	0.053010324	1.28	1.153683473	1.420146893	rs28385574	C	T	0.107788
16	31276811	rs1143679	G	A	5.03E-48	0.58221562	0.039986634	1.79	1.655067539	1.935933081	rs1143679	G	A	0.101441
16	31282098	rs12598380	C	T	1.56E-14	-0.235722334	0.030684466	0.79	0.743888674	0.838969623	rs12598380	C	T	0.370615
16	31327376	rs62051483	A	G	4.00E-15	0.270027137	0.034377129	1.31	1.224641275	1.401308314	rs62051483	G	A	0.922796
16	48893010	rs144041989	C	G	6.80E-06	-0.579818495	0.128853509	0.56	0.435016476	0.720892236	rs144041989	C	G	0.016601
16	48926175	rs181706629	C	G	4.10E-06	-0.713349888	0.154861817	0.49	0.361722097	0.663769236	rs181706629	C	G	0.000119529
16	48962404	rs187315307	G	A	1.01E-06	-0.755022584	0.154440318	0.47	0.347244683	0.636150849	rs187315307	G	A	0.000165525
16	57374418	rs9921681	C	T	2.99E-06	0.139761942	0.029918761	1.15	1.084502298	1.219453387	rs9921681	C	T	0.393859
16	58329828	rs10852562	C	T	1.99E-07	0.173953307	0.033452112	1.19	1.114479152	1.270638394	rs10852562	T	C	0.781853
16	81891432	rs4888180	C	G	8.77E-07	0.173953307	0.035375505	1.19	1.110285642	1.275437551	rs4888180	C	G	0.235458
16	85966683	rs13332649	A	G	5.43E-17	-0.314710745	0.037568252	0.73	0.678178657	0.785781142	rs13332649	A	G	0.216668
16	85980206	rs62051025	C	T	2.42E-06	0.173953307	0.036896937	1.19	1.106979695	1.27924659	rs62051025	C	T	0.208965
16	86019516	rs11117433	G	C	2.22E-08	-0.235722334	0.042136412	0.79	0.727377484	0.858013912	rs11117433	G	C	0.222085
17	7234112	rs3809822	C	G	1.29E-07	0.182321557	0.034532453	1.2	1.121467336	1.284032048	rs3809822	C	G	0.245961
17	36177117	rs112679482	C	T	8.29E-06	-0.198450939	0.044519415	0.82	0.751481271	0.894766145	rs112679482	C	T	0.119811
17	37581422	rs138641382	G	A	1.86E-06	0.587786665	0.12327262	1.8	1.413646207	2.291945455	rs138641382	G	A	0.0167474
17	38007190	rs143123127	G	A	2.23E-08	0.470003629	0.084034201	1.6	1.357027433	1.886476234	rs143123127	G	A	0.0352921
17	38068043	rs869402	C	T	5.29E-07	0.139240067	0.02776121	1.1494	1.088529927	1.213673899	rs869402	T	C	0.494607
17	46117470	rs114759915	C	T	4.43E-06	0.2390169	0.052072485	1.27	1.146776347	1.406464307	rs114759915	C	T	0.072742
17	47424434	rs62076446	T	C	6.58E-06	-0.223143551	0.049510453	0.8	0.72601541	0.881523989	rs62076446	T	C	0.119266
17	73324876	rs4789169	G	A	1.34E-06	-0.162518929	0.03362529	0.85	0.795786379	0.90790697	rs4789169	A	G	0.755353
18	77277478	rs71366535	G	A	6.08E-06	0.322083499	0.071202051	1.38	1.200247132	1.586673236	rs71366535	G	A	0.0574739
19	2180515	rs3810409	G	A	3.79E-06	0.329303747	0.071238704	1.39	1.208857728	1.598285684	rs3810409	G	A	0.0399798
19	10397230	rs75407602	C	T	3.81E-08	-0.510825624	0.092887435	0.6	0.500131109	0.719811252	rs75407602	C	T	0.0476102
19	10408742	rs62130686	A	C	1.57E-07	0.157003749	0.029937847	1.17	1.103321933	1.240707684	rs62130686	A	C	0.375956
19	10426512	rs78295726	C	T	2.98E-07	-0.210721031	0.041118341	0.81	0.747281757	0.877982091	rs78295726	C	T	0.172975
19	10444826	rs2278442	A	G	6.52E-08	-0.162518929	0.030074316	0.85	0.801344298	0.90160996	rs2278442	G	A	0.648348
19	10459969	rs35251378	G	A	3.61E-13	-0.235722334	0.03242656	0.79	0.741352995	0.841839184	rs35251378	G	A	0.290313
19	41020023	rs147154502	A	G	4.13E-06	-0.994252273	0.215923785	0.37	0.24232805	0.564936663	rs147154502	A	G	0.00819364
19	41209177	rs2288450	C	T	4.43E-06	0.19062036	0.041527499	1.21	1.115414919	1.312605717	rs2288450	C	T	0.128679
19	50153686	rs73934025	C	A	5.39E-06	-0.235722334	0.051818827	0.79	0.713703811	0.874452386	rs73934025	C	A	0.0899765
19	55763262	rs73068668	G	A	4.40E-08	-0.314710745	0.057490346	0.73	0.652207952	0.817070688	rs73068668	G	A	0.0730161
20	57987383	rs11699710	G	T	6.72E-06	0.530628251	0.117852011	1.7	1.349370666	2.141739163	rs11699710	G	T	0.0158417
22	21984379	rs3747093	G	A	2.88E-14	0.262364264	0.034505488	1.3	1.214987159	1.390961203	rs3747093	G	A	0.207391
22	22003746	rs73877639	T	A	3.73E-07	0.246860078	0.048572693	1.28	1.163761696	1.407848364	rs73877639	T	A	0.0655838
22	27030951	rs756505	T	G	1.40E-06	0.131028262	0.027159044	1.14	1.080902713	1.202328373	rs756505	G	T	0.518047