rsID	Chr	Position (hg19)	A1	A2	beta	Std Err log(OR)	P-value	Region #	LD block
rs55724405	1	8259274	T	C	-0.0762	0.0097	3.06E-15	1	chr1:7605783-9067984
rs78088488	1	12047368	CA	C	-0.0847	0.0109	6.34E-15	2	chr1:11711076-12266177
rs4481843	1	16128205	A	G	-0.0585	0.0107	4.62E-08	3	chr1:15686534-17547392
rs10794648	1	24518206	T	C	-0.1098	0.0107	1.49E-24	4	chr1:23908610-24528096
rs7523328	1	25294195	A	G	0.1264	0.0091	6.23E-44	5	chr1:24528097-25307419
rs34190690	1	33556279	T	C	0.0658	0.0113	5.59E-09	6	chr1:31218841-34056003
rs6701313	1	67712157	T	C	-0.2967	0.0201	4.09E-49	7	chr1:65151018-76975228
rs34517439	1	78450517	A	C	0.0975	0.0143	8.29E-12	8	chr1:76975229-81354028
rs6701307	1	152590444	A	G	0.1446	0.0097	2.73E-50	9	chr1:149705121-154709825
rs10737548	1	161493545	T	C	-0.0635	0.0108	4.59E-09	10	chr1:160650693-161975082
rs12046909	1	168507463	T	C	-0.0881	0.0132	2.75E-11	11	chr1:168370940-169578628
rs78037977	1	172715702	A	G	-0.1177	0.0142	9.33E-17	12	chr1:169578629-175427191
rs17641524	1	197704717	T	C	0.1055	0.0111	1.93E-21	13	chr1:192552139-199240293
rs2297545	1	206651107	A	G	0.1105	0.011	8.17E-24	14	chr1:206056721-208181931
rs56007024	2	25069727	T	C	-0.1022	0.015	8.04E-12	15	chr2:23218061-28672561
rs35741374	2	61072567	T	C	0.1222	0.0092	3.93E-40	16	chr2:60293242-64701421
rs740271	2	102600083	T	C	-0.0547	0.0098	2.27E-08	17	chr2:101338963-105130553
rs13029175	2	111629125	T	G	-0.06	0.0098	7.67E-10	18	chr2:107780988-112030011
rs2111485	2	163110536	A	G	-0.143	0.0094	7.29E-52	19	chr2:158889051-168506220
rs535047131	2	198534100	CT	C	-0.0714	0.0129	3.17E-08	20	chr2:197067152-199655638
rs35008063	2	231156484	T	G	0.0725	0.012	1.40E-09	21	chr2:230385553-231844050
rs6760912	2	234110944	A	G	0.0566	0.0094	1.43E-09	22	chr2:233550331-234141356
rs62196011	2	239007563	T	C	0.0643	0.0108	2.91E-09	23	chr2:238811039-239951115
rs7611127	3	17056031	A	G	-0.0745	0.0091	2.42E-16	24	chr3:14817509-20953022
rs10936821	3	101628519	T	G	-0.1066	0.0116	4.03E-20	25	chr3:77153111-101902027
rs9858861	3	156542637	C	G	-0.0517	0.0094	3.32E-08	26	chr3:154801181-168271146
rs12634152	3	188121019	T	C	-0.0506	0.0092	3.43E-08	27	chr3:187461130-188326593
rs16864449	3	189220585	A	G	0.1544	0.0257	1.83E-09	28	chr3:189043925-189452847
rs5855282	3	189662658	G	GT	-0.1153	0.0127	1.10E-19	29	chr3:189452848-189846573
rs34515026	3	196349234	T	C	0.0524	0.0093	1.57E-08	30	chr3:196317113-198022430
rs13137072	4	123539854	A	G	-0.087	0.0125	2.93E-12	31	chr4:115297875-126481149
rs4594881	5	35846815	T	G	-0.0527	0.0096	4.66E-08	32	chr5:34566074-36433954
rs1992660	5	40415067	T	C	0.0519	0.0093	2.47E-08	33	chr5:38720017-54192112
rs12654176	5	56058487	A	G	-0.0988	0.0145	9.08E-12	34	chr5:55883560-56335503
rs200528525	5	96120310	A	AACAT	0.108	0.0109	5.93E-23	35	chr5:95110880-96477601
rs848	5	131996500	A	C	-0.158	0.0114	1.21E-43	36	chr5:126940944-134968415
rs8177833	5	150466690	G	GC	0.3538	0.0181	7.77E-85	37	chr5:148808822-150916745
rs918518	5	158826493	A	G	0.2972	0.0106	8.54E-172	38	chr5:155456446-159387074
rs9504361	6	577820	A	G	0.0948	0.0094	1.04E-23	39	chr6:1-1283320
rs7748720	6	20689945	A	G	0.0858	0.011	7.30E-15	40	chr6:20236286-21683621
rs12189871	6	31251924	T	C	1.1958	0.0143	1.78e-1524	41	chr6:24014202-36343527
rs33980500	6	111913262	T	C	0.3263	0.0161	1.24E-91	42	chr6:110654996-123108402
rs582757	6	138197824	T	C	-0.1401	0.01	6.92E-45	43	chr6:137606494-138302841
rs2451258	6	159506600	T	C	-0.0876	0.0096	5.69E-20	44	chr6:158193486-159950480
rs78233367	7	17165436	T	C	0.0614	0.0108	1.26E-08	45	chr7:16654963-17593990
rs117744081	7	29132279	A	G	-0.1431	0.0252	1.37E-08	46	chr7:28712513-29197970
rs75993298	7	37404798	T	C	-0.1012	0.0147	4.98E-12	47	chr7:36550522-37489496
rs4728141	7	128567032	T	C	-0.0654	0.0092	1.26E-12	48	chr7:127908745-129931330
rs79376089	8	61841979	A	G	0.1493	0.0216	4.98E-12	49	chr8:59726957-62003563
rs7828306	8	81298643	T	G	-0.0692	0.0098	2.08E-12	50	chr8:80770876-81331520
rs4242369	8	126439406	T	C	-0.0573	0.0095	1.75E-09	51	chr8:126411670-126764777
rs77247401	8	129561216	CTG	C	-0.0835	0.0142	3.78E-09	52	chr8:129309450-130380941
rs11795343	9	32523737	T	C	0.0977	0.0093	1.02E-25	53	chr9:31118528-36745517
rs7860780	9	110772665	T	C	0.0729	0.0093	6.04E-15	54	chr9:110137536-112778707
rs1407308	9	117570223	T	G	-0.0542	0.0091	2.43E-09	55	chr9:116735584-117700280
rs61839660	10	6094697	T	C	0.1108	0.016	4.84E-12	56	chr10:5985447-6270160
rs4750517	10	6520458	A	G	0.0556	0.0099	2.00E-08	57	chr10:6270161-6618515
rs2944542	10	64369999	C	G	-0.0566	0.0094	1.87E-09	58	chr10:60666006-71627683
rs2664280	10	75617344	A	T	-0.0909	0.0092	3.19E-23	59	chr10:73284303-77997067
rs1250546	10	81032532	A	G	0.0916	0.0092	3.75E-23	60	chr10:80876153-81187765
rs74559740	10	89637201	A	T	0.1891	0.0329	9.39E-09	61	chr10:85458470-92005591
rs11187128	10	94429708	T	G	0.0591	0.0104	1.18E-08	62	chr10:92876528-95396109
rs10883448	10	101904344	A	G	-0.0738	0.0093	2.38E-15	63	chr10:100242738-107998488
rs7108441	11	36351781	A	G	0.0937	0.0104	2.30E-19	64	chr11:36091454-36397338
rs74688172	11	36430658	A	G	0.2268	0.0248	5.63E-20	65	chr11:36397339-36897877
rs118086960	11	65593444	A	T	-0.0898	0.0105	9.00E-18	66	chr11:63157253-69545170
rs2212434	11	76281593	T	C	0.0513	0.0092	2.56E-08	67	chr11:70381300-76516253
rs10594885	11	109982701	CAT	C	0.0831	0.0099	3.79E-17	68	chr11:109864800-110703537
rs7110845	11	120175749	A	G	0.0677	0.0092	2.31E-13	69	chr11:117298216-120390709
rs7120822	11	128390069	A	T	-0.102	0.0108	3.10E-21	70	chr11:127317610-128759526
rs10849557	12	901531	T	C	0.0531	0.0093	1.02E-08	71	chr12:669954-1079588
rs6489711	12	6468303	T	C	0.066	0.0097	1.01E-11	72	chr12:5750131-6478092
rs17513937	12	10574001	T	C	-0.0789	0.0108	2.20E-13	73	chr12:10481523-11752307
rs111580405	12	56739557	A	G	0.2713	0.0208	9.81E-39	74	chr12:52647027-61740306
rs79611018	12	94544520	A	G	-0.1698	0.0287	3.41E-09	75	chr12:94514599-94922415
rs3184504	12	111884608	T	C	0.0813	0.0092	8.97E-19	76	chr12:109025044-113264274
rs10847516	12	122665173	A	G	-0.0723	0.01	4.73E-13	77	chr12:122482793-125318107
rs35286429	13	45322344	CA	C	-0.0599	0.0096	4.02E-10	78	chr13:44667957-45441012
rs9591325	13	50811220	T	C	0.0982	0.018	4.78E-08	79	chr13:47817612-61266475
rs9513593	13	99950260	A	G	-0.0746	0.0119	3.47E-10	80	chr13:99264865-100630234
rs8016947	14	35832666	T	G	-0.137	0.0092	3.41E-50	81	chr14:34811948-36944416
rs79470265	14	98649129	A	C	0.1086	0.0126	7.36E-18	82	chr14:98264711-98989021
rs3825765	14	105532812	A	G	0.0664	0.0102	7.77E-11	83	chr14:105095763-107349540
rs28510484	15	31637569	C	G	-0.0719	0.0124	6.83E-09	84	chr15:30641318-32568050
rs12912487	15	70032794	A	G	-0.0895	0.0157	1.09E-08	85	chr15:69959886-70342564
rs7171410	15	85673696	A	G	0.052	0.0094	3.61E-08	86	chr15:81133059-87694252
rs2021511	16	11344903	T	C	-0.1063	0.0101	1.05E-25	87	chr16:10994665-11612938
rs13708	16	31000809	A	G	-0.0749	0.0094	1.24E-15	88	chr16:28020777-51066021
rs139021596	17	4559281	CACAA	C	-0.0724	0.0129	2.15E-08	89	chr17:4455699-5737306
rs28998802	17	26124908	A	G	0.1606	0.013	4.20E-35	90	chr17:15305646-30899190
rs73986523	17	40270062	T	C	0.1749	0.0224	6.42E-15	91	chr17:35285540-48123759
rs544081912	17	73801480	G	GA	0.1151	0.0138	6.42E-17	92	chr17:72028045-74910437
rs11653893	17	78178830	A	G	0.0797	0.0091	2.41E-18	93	chr17:77943023-79335567
rs547226169	18	12875316	T	TA	-0.0917	0.0108	2.48E-17	94	chr18:11874987-13422926
rs34689541	18	51797526	CAAAG	C	0.107	0.0099	2.84E-27	95	chr18:48232596-55847091
19_936353_C_G	19	936353	C	G	-0.075	0.0136	3.36E-08	96	chr19:609759-1285288
rs79657645	19	4328755	C	G	-0.2355	0.0389	1.43E-09	97	chr19:3906651-4551554
rs34536443	19	10463118	C	G	-0.5082	0.027	2.63E-79	98	chr19:10038972-11280551
rs8107351	19	18612758	A	G	0.0725	0.0095	1.89E-14	99	chr19:17783937-19065462
rs75826800	19	33874354	T	C	-0.0668	0.0106	3.32E-10	100	chr19:32573487-34140146
rs516246	19	49206172	T	C	0.0658	0.0091	6.40E-13	101	chr19:48509877-49415794
rs557754609	20	47376086	CAA	C	-0.1488	0.0272	4.60E-08	102	chr20:45930662-48176258
rs57717749	20	48560372	T	C	-0.1279	0.0102	4.33E-36	103	chr20:48176259-49595819
rs6067808	20	50142524	C	G	-0.0637	0.0092	3.73E-12	104	chr20:49595820-51901210
rs2836747	21	40282556	A	G	0.055	0.0094	5.25E-09	105	chr21:37997683-41109472
rs917864	22	17565932	T	C	0.0725	0.0123	3.87E-09	106	chr22:1-17713187
rs165687	22	20867265	A	G	0.0605	0.0108	2.36E-08	107	chr22:19717883-20948848
rs131656	22	21917450	A	G	0.1109	0.0114	2.38E-22	108	chr22:21632372-22758253
22_37259605_T_C	22	37259605	T	C	-0.0954	0.012	1.51E-15	109	chr22:37004484-37559474